class_name,crop,disease,is_healthy,pathogen,severity_level,sample_count
Apple___Apple_scab,Apple,Apple Scab,False,Fungus (Venturia inaequalis),High (Fruit Quality Degradation),630
Apple___Black_rot,Apple,Black Rot,False,Pathogen associated with Black Rot,Moderate,621
Apple___Cedar_apple_rust,Apple,Cedar Apple Rust,False,Pathogen associated with Cedar Apple Rust,Moderate,275
Apple___healthy,Apple,Healthy,True,None (Healthy),None,1645
Blueberry___healthy,Blueberry,Healthy,True,None (Healthy),None,1000
Cherry_(including_sour)___Powdery_mildew,Cherry (Including Sour),Powdery Mildew,False,Pathogen associated with Powdery Mildew,Moderate,1000
Cherry_(including_sour)___healthy,Cherry (Including Sour),Healthy,True,None (Healthy),None,1000
Corn_(maize)___Cercospora_leaf_spot Gray_leaf_spot,Corn (Maize),Cercospora Leaf Spot Gray Leaf Spot,False,Pathogen associated with Cercospora Leaf Spot Gray Leaf Spot,Moderate,1000
Corn_(maize)___Common_rust_,Corn (Maize),Common Rust,False,Fungus (Puccinia sorghi),Moderate,1192
Corn_(maize)___Northern_Leaf_Blight,Corn (Maize),Northern Leaf Blight,False,Pathogen associated with Northern Leaf Blight,Moderate,1000
Corn_(maize)___healthy,Corn (Maize),Healthy,True,None (Healthy),None,1162
Grape___Black_rot,Grape,Black Rot,False,Pathogen associated with Black Rot,Moderate,1000
Grape___Esca_(Black_Measles),Grape,Esca (Black Measles),False,Pathogen associated with Esca (Black Measles),Moderate,1000
Grape___Leaf_blight_(Isariopsis_Leaf_Spot),Grape,Leaf Blight (Isariopsis Leaf Spot),False,Pathogen associated with Leaf Blight (Isariopsis Leaf Spot),Moderate,1000
Grape___healthy,Grape,Healthy,True,None (Healthy),None,1000
Orange___Haunglongbing_(Citrus_greening),Orange,Haunglongbing (Citrus Greening),False,Pathogen associated with Haunglongbing (Citrus Greening),Moderate,1000
Peach___Bacterial_spot,Peach,Bacterial Spot,False,Pathogen associated with Bacterial Spot,Moderate,1000
Peach___healthy,Peach,Healthy,True,None (Healthy),None,1000
"Pepper,_bell___Bacterial_spot",Bell Pepper,Bacterial Spot,False,Bacterium (Xanthomonas campestris pv. vesicatoria),High,997
"Pepper,_bell___healthy",Bell Pepper,Healthy Foliage,True,None (Healthy),None,1478
Potato___Early_blight,Potato,Early Blight,False,Fungus (Alternaria solani),Moderate,1000
Potato___Late_blight,Potato,Late Blight,False,Oomycete (Phytophthora infestans),Critical,1000
Potato___healthy,Potato,Healthy Foliage,True,None (Healthy),None,152
Raspberry___healthy,Raspberry,Healthy,True,None (Healthy),None,1000
Soybean___healthy,Soybean,Healthy,True,None (Healthy),None,1000
Squash___Powdery_mildew,Squash,Powdery Mildew,False,Pathogen associated with Powdery Mildew,Moderate,1000
Strawberry___Leaf_scorch,Strawberry,Leaf Scorch,False,Pathogen associated with Leaf Scorch,Moderate,1000
Strawberry___healthy,Strawberry,Healthy,True,None (Healthy),None,1000
Tomato___Bacterial_spot,Tomato,Bacterial Spot,False,Pathogen associated with Bacterial Spot,Moderate,2127
Tomato___Early_blight,Tomato,Early Blight,False,Fungus (Alternaria solani),Moderate to High,1000
Tomato___Late_blight,Tomato,Late Blight,False,Oomycete (Phytophthora infestans),Critical (Rapid Crop Loss),1909
Tomato___Leaf_Mold,Tomato,Leaf Mold,False,Pathogen associated with Leaf Mold,Moderate,1000
Tomato___Septoria_leaf_spot,Tomato,Septoria Leaf Spot,False,Pathogen associated with Septoria Leaf Spot,Moderate,1000
Tomato___Spider_mites Two-spotted_spider_mite,Tomato,Spider Mites Two-Spotted Spider Mite,False,Pathogen associated with Spider Mites Two-Spotted Spider Mite,Moderate,1000
Tomato___Target_Spot,Tomato,Target Spot,False,Pathogen associated with Target Spot,Moderate,1000
Tomato___Tomato_Yellow_Leaf_Curl_Virus,Tomato,Tomato Yellow Leaf Curl Virus,False,Pathogen associated with Tomato Yellow Leaf Curl Virus,Moderate,1000
Tomato___Tomato_mosaic_virus,Tomato,Tomato Mosaic Virus,False,Pathogen associated with Tomato Mosaic Virus,Moderate,1000
Tomato___healthy,Tomato,Healthy Foliage,True,None (Optimum Physiological Health),None,1591
